{
  "iris_llm": {
    "accuracy": [
      0.4999999999999999,
      0.09660917830792959
    ],
    "f1": [
      0.5470130832359934,
      0.09138460155471993
    ],
    "rules": 5
  },
  "wine_llm": {
    "accuracy": [
      0.6177777777777778,
      0.0622064281866026
    ],
    "f1": [
      0.6263837347312308,
      0.07875056940037595
    ],
    "rules": 6
  }
}