{
  "iris": {
    "Logistic Regression": {
      "accuracy": [
        0.9533333333333334,
        0.052068331172711015
      ],
      "f1": [
        0.9525757575757575,
        0.053086125821658114
      ],
      "rules": "N/A"
    },
    "KNN (k=5)": {
      "accuracy": [
        0.9600000000000002,
        0.05333333333333332
      ],
      "f1": [
        0.9587542087542087,
        0.05535111859519732
      ],
      "rules": "N/A"
    },
    "Decision Tree (d=5)": {
      "accuracy": [
        0.9333333333333333,
        0.05163977794943221
      ],
      "f1": [
        0.9319528619528619,
        0.05309673568568468
      ],
      "rules": 9
    },
    "SVM (RBF)": {
      "accuracy": [
        0.96,
        0.04422166387140532
      ],
      "f1": [
        0.9597306397306398,
        0.0443850230260182
      ],
      "rules": "N/A"
    },
    "Random Forest": {
      "accuracy": [
        0.9466666666666667,
        0.0581186525805423
      ],
      "f1": [
        0.9454208754208754,
        0.05969806163674967
      ],
      "rules": "N/A"
    },
    "d2s_seed": {
      "accuracy": [
        0.44666666666666666,
        0.10770329614269007
      ],
      "f1": [
        0.5633862433862433,
        0.1385534977924083
      ],
      "rules": 3
    },
    "d2s_optimized": {
      "accuracy": [
        0.5199999999999999,
        0.07774602526460399
      ],
      "f1": [
        0.5548768987004281,
        0.10672901567585875
      ],
      "rules": 4
    },
    "_test": {
      "t_stat": -14.02027752286601,
      "p_val": 2.025340672147967e-07
    }
  },
  "wine": {
    "Logistic Regression": {
      "accuracy": [
        0.9833333333333334,
        0.02545875386086579
      ],
      "f1": [
        0.982885262885263,
        0.026157202323325447
      ],
      "rules": "N/A"
    },
    "KNN (k=5)": {
      "accuracy": [
        0.9722222222222221,
        0.044790320823880854
      ],
      "f1": [
        0.9729381729381729,
        0.04345512013679222
      ],
      "rules": "N/A"
    },
    "Decision Tree (d=5)": {
      "accuracy": [
        0.9052287581699346,
        0.06578294190894708
      ],
      "f1": [
        0.9076031376031375,
        0.06422929032990671
      ],
      "rules": 11
    },
    "SVM (RBF)": {
      "accuracy": [
        0.9777777777777779,
        0.036851386559504457
      ],
      "f1": [
        0.9773256373256374,
        0.03687102716139503
      ],
      "rules": "N/A"
    },
    "Random Forest": {
      "accuracy": [
        0.9888888888888889,
        0.022222222222222233
      ],
      "f1": [
        0.9892773892773892,
        0.021470543477239108
      ],
      "rules": "N/A"
    },
    "d2s_seed": {
      "accuracy": [
        0.472875816993464,
        0.13078470568578512
      ],
      "f1": [
        0.6066061716061716,
        0.13036255662187998
      ],
      "rules": 3
    },
    "d2s_optimized": {
      "accuracy": [
        0.6133986928104574,
        0.10797229342583922
      ],
      "f1": [
        0.6160152833063051,
        0.1288153449403713
      ],
      "rules": 6
    },
    "_test": {
      "t_stat": -9.500179196257644,
      "p_val": 5.4738246243271965e-06
    }
  },
  "breast_cancer": {
    "Logistic Regression": {
      "accuracy": [
        0.9754385964912279,
        0.01953601530817553
      ],
      "f1": [
        0.9733279758625437,
        0.02149008280927774
      ],
      "rules": "N/A"
    },
    "KNN (k=5)": {
      "accuracy": [
        0.9701441102756894,
        0.01760977703284993
      ],
      "f1": [
        0.9673668728024797,
        0.01957777062049922
      ],
      "rules": "N/A"
    },
    "Decision Tree (d=5)": {
      "accuracy": [
        0.9315162907268169,
        0.03363914825429633
      ],
      "f1": [
        0.925924295674936,
        0.03695534489639546
      ],
      "rules": 16
    },
    "SVM (RBF)": {
      "accuracy": [
        0.9754385964912281,
        0.019536015308175527
      ],
      "f1": [
        0.9736477017495249,
        0.020795988345163798
      ],
      "rules": "N/A"
    },
    "Random Forest": {
      "accuracy": [
        0.956140350877193,
        0.023862228962693768
      ],
      "f1": [
        0.9525991010108662,
        0.026365244625242933
      ],
      "rules": "N/A"
    },
    "d2s_seed": {
      "accuracy": [
        0.6556704260651629,
        0.08115818428771628
      ],
      "f1": [
        0.7816982754756356,
        0.05728663438456093
      ],
      "rules": 4
    },
    "d2s_optimized": {
      "accuracy": [
        0.8436090225563909,
        0.035376541330514065
      ],
      "f1": [
        0.8294963655594035,
        0.04763403808701392
      ],
      "rules": 8
    },
    "_test": {
      "t_stat": -5.3072197124082,
      "p_val": 0.0004891678624242672
    }
  },
  "diabetes": {
    "Logistic Regression": {
      "accuracy": [
        0.7443434343434344,
        0.041784986580838596
      ],
      "f1": [
        0.7437991268899474,
        0.04202223871605307
      ],
      "rules": "N/A"
    },
    "KNN (k=5)": {
      "accuracy": [
        0.6968181818181818,
        0.06115369165187649
      ],
      "f1": [
        0.6959885973439598,
        0.06135770035191863
      ],
      "rules": "N/A"
    },
    "Decision Tree (d=5)": {
      "accuracy": [
        0.6900000000000001,
        0.0520558865544219
      ],
      "f1": [
        0.6877242831357739,
        0.05389682771221287
      ],
      "rules": 28
    },
    "SVM (RBF)": {
      "accuracy": [
        0.7375757575757576,
        0.032140582432147104
      ],
      "f1": [
        0.7369197256218016,
        0.03224127720530344
      ],
      "rules": "N/A"
    },
    "Random Forest": {
      "accuracy": [
        0.7308080808080808,
        0.040756668283740506
      ],
      "f1": [
        0.7297206088341734,
        0.04101557145687166
      ],
      "rules": "N/A"
    },
    "d2s_seed": {
      "accuracy": [
        0.6695959595959595,
        0.06556084708842576
      ],
      "f1": [
        0.7029523687884361,
        0.06291833513139114
      ],
      "rules": 4
    },
    "d2s_optimized": {
      "accuracy": [
        0.708030303030303,
        0.06177717412551656
      ],
      "f1": [
        0.7082339396849564,
        0.060754442550975
      ],
      "rules": 7
    },
    "_test": {
      "t_stat": 0.7192779251991529,
      "p_val": 0.49022354470176677
    }
  }
}