{
  "breast_cancer": {
    "Logistic Regression": {
      "accuracy": [
        0.9736686849868033,
        0.016627222216787987
      ],
      "f1": [
        0.9713874165427612,
        0.018347623060068045
      ],
      "rules": "N/A"
    },
    "KNN (k=5)": {
      "accuracy": [
        0.9630957925787922,
        0.01788563714959112
      ],
      "f1": [
        0.959925858320813,
        0.01963457433759601
      ],
      "rules": "N/A"
    },
    "Decision Tree (d=5)": {
      "accuracy": [
        0.9279925477410339,
        0.023048111807132864
      ],
      "f1": [
        0.9214975588327297,
        0.027186465009631743
      ],
      "rules": 